ID,en,fr,de,it,es,pt-BR,ru,pl,
patchOver_IceCubes/Name (Identified),Ice Cubes,Ice Cubes,Ice Cubes,Ice Cubes,Ice Cubes,Ice Cubes,Ice Cubes,Ice Cubes,
patchOver_IceCubes/Description (Identified),Lorem Ipsum,Lorem Ipsum,Lorem Ipsum,Lorem Ipsum,Lorem Ipsum,Lorem Ipsum,Lorem Ipsum,Lorem Ipsum,
patchOver_IceCubes/Icon (Identified),im-icon-item_component,im-icon-item_component,im-icon-item_component,im-icon-item_component,im-icon-item_component,im-icon-item_component,im-icon-item_component,im-icon-item_component,
patchOver_IceCubes/Icon (Unidentified),im-icon-item_component,im-icon-item_component,im-icon-item_component,im-icon-item_component,im-icon-item_component,im-icon-item_component,im-icon-item_component,im-icon-item_component,
patchOver_Embers/Name (Identified),Embers,Embers,Embers,Embers,Embers,Embers,Embers,Embers,
patchOver_Embers/Description (Identified),Lorem Ipsum,Lorem Ipsum,Lorem Ipsum,Lorem Ipsum,Lorem Ipsum,Lorem Ipsum,Lorem Ipsum,Lorem Ipsum,
patchOver_Embers/Icon (Identified),im-icon-item_component,im-icon-item_component,im-icon-item_component,im-icon-item_component,im-icon-item_component,im-icon-item_component,im-icon-item_component,im-icon-item_component,
patchOver_Embers/Icon (Unidentified),im-icon-item_component,im-icon-item_component,im-icon-item_component,im-icon-item_component,im-icon-item_component,im-icon-item_component,im-icon-item_component,im-icon-item_component,
patchOver_PariahBlade_Comp/Name (Identified),Pariah Blade,Lame de paria,Schurkenklinge,Lama reietta,Hoja de Paria,Espada Pária,Меч изгоя,Ostrze Pariasa,
patchOver_PariahBlade_Comp/Description (Identified),A crooked blade that looks best between the third and fourth rib. Mundane and equally ineffective against all enemies.,Une lame tordue du plus bel effet entre la troisième et la quatrième côte. Banale et inefficace contre tous les ennemis.,"Ein gebogenes Schwert, das zwischen der dritten und vierten Rippe am besten aussieht. Einfach und überaus nutzlos gegen alle Arten von Feinden.","Una lama curva. È perfetta tra la terza e la quarta costola. Terrena ed inutile contro ogni tipo di nemico. 
",Una hoja doblada que sienta ideal entre la tercera y la cuarta costilla. Mundana e inefectiva contra cualquier enemigo.,Uma lâmina torta que fica mais bonita entre a terceira e a quarta costela. Mundana e igualmente ineficiente contra todos os inimigos.,Меч с кривым лезвием. Отлично смотрится между третьим и четверым ребрами. Обычное неэффективное против большинства противников оружие.,Zagięte ostrze. Najlepiej prezentuje się wbite między trzecie i czwarte żebro.,
patchOver_GrinePariahBlade_Comp/Name (Identified),Grine Pariah Blade,Lame de paria de Bacilleux,Höllenlausklinge,Lama reietta dei Grine,Hoja de Paria con Grine,Espada Pária Grinada,Зараженный Грымзями меч изгоя,Lustrzakowe Ostrze Pariasa,
patchOver_GrinePariahBlade_Comp/Description (Identified),"A Pariah Blade, now imbued with Grine infection! Generally ineffective, but the extra Grininess makes it especially useless against Inugami.","Une lame de paria avec supplément Bacilleux ! Généralement inefficace, mais le supplément Bacilleux la rend particulièrement inutile contre les Inugamis.","Eine Schurkenklinge, nur eben höllenläusiger. Die zusätzliche Höllenläusigkeit ist nicht sehr wirkungsvoll, vor allem gegen Inugami.","Una Lama reietta, adesso impregnata d'infezione dei Grine! Generalmente inutile, ma adesso, solo grazie all'extra Grine, sarà ancora più inutile contro gli Inugami.","Una hoja de Paria, ahora infectada con esencia de Grine. Inefectiva en general, pero al ser extra Grinosa, es especialmente inefectiva contra Inugamis. ","Uma Lâmina Pária, envolvida com infecção das Grinas! Geralmente ineficaz, mas a Grinice extra a torna especialmente útil contra Inugamis.","Меч изгоя — теперь и зараженный Грымзями! Эффективен против любого противника, но благодаря загрымзенности особенно хорош против Инугами.","Ostrze Pariasa, z domieszką Lustrzanej Zarazy.",
patchOver_PyramidShortsword_Comp/Name (Identified),Pyramid Shortsword,Épée courte des pyramides,Pyramidenschwert,Spadino della Piramide,Espada corta de la Pirámide,Espada Curta Piramidal,Короткий меч из пирамиды,Krótki Miecz Piramidy,
patchOver_PyramidShortsword_Comp/Description (Identified),"An Arcane blade, designed for the Hollowmen by Abraxis himself. Cuts through Gemeater hide like a hot knife through porridge.",Une lame maléfique conçue pour les Hommes-creux par Abraxis en personne. Tranche le cuir des Gemmophages comme du beurre.,"Eine Arkanklinge, die von Abraxis für die Leermänner entworfen wurde. Schneidet durch Juwelenschlucker wie ein Messer durch Butter.",Una spada arcana forgiata per gli Uomini Vuoti dallo stesso Abraxis. Aprirti un varco tra i Mangiagemme sarà facile come tagliare il burro con un coltello incandescente.,"Una hoja Arcana, diseñada por el propio Abraxis para sus Insustanciales. Atraviesa Comegemas como un cuchillo caliente a través de la avena.",Uma lâmina Arcana feita para os Homens Ocos pelo próprio Abraxis. Corta o couro de Gemófagos como faca quente em manteiga.,"Загадочный клинок, созданный для Пустовиков самим Абраксисом. Проходит сквозь шкуру Камнееда как нож сквозь масло.","Krótki miecz z brązu, wzmocniony mistyczną energią.",
patchOver_BaseHookedBlade_Comp/Name (Identified),Hooked Blade,Lame crochue,Hakenschwert,Lama uncinata,Hoja ganchuda,Espada em Gancho,Изогнутый меч,Zakrzywione Ostrze,
patchOver_BaseHookedBlade_Comp/Description (Identified),"The traditional weapon of the Order of the Crooked Street. Despite its fearsome reputation, this is a Mundane shortsword with no special properties.","L'arme traditionnelle de l'Ordre de l'Allée Tortueuse. Malgré sa terrifiante réputation, c'est une épée courte banale et sans aucune propriété spéciale.","Die traditionelle Waffe des Ordens der Schiefen Bahn. Obwohl sie gefürchtet ist, handelt es sich hierbei bloß um ein einfaches Kurzschwert.","L'arma tipica della Casa della Strada Deforme. Nonostante la sua temibile reputazione, è uno spadino terreno senza nessuna peculiarità.",El arma tradicional de la Orden de la Calle Tortuosa. A pesar de su temible reputación es una Mundana espada corta sin ninguna propiedad especial.,"A arma tradicional da Ordem da Rua Torta. Apesar de sua reputação temível, trata-se de uma espada curta Mundana sem propriedades especiais.","Традиционное оружие Ордена Кривой улицы. Несмотря на жуткую репутацию, это обычный короткий меч без особых свойств.","Rekruci Czarnej Straży otrzymują takie ostrza, gdy wstępują do Domu Krzywej Alei. Hm. Zapomnij, że to powiedziałem.",
patchOver_BophasCutter_Comp/Name (Identified),Bopha's Cutter,Découpeur de Bopha,Bophas Schnitzer,Taglierino di Bopha,Cortadora de Bopha,Cortador de Bopha,Рубило Боффы,Przecinak Bophy,
patchOver_BophasCutter_Comp/Description (Identified),"Bopha used this blade to solve the Riddle of Esphestrus, Bashing the old man's crown - and his head - in two. Hey, problem solved.","Bopha a utilisé cette lame pour résoudre l'énigme d'Ephestrus en coupant sa couronne, et sa tête, en deux. Problème résolu !","Bopha löste das Rätsel von Ephestrus, indem er mit diesem Schwert seine Krone und seinen Kopf halbierte. Problem gelöst.","Grazie a questa spada, Bopha ha risolto l'enigma di Ephestrus al primo colpo. Un colpo che ha diviso la corona del vecchio, e la sua testa, in due. Eh già, enigma risolto.","Bopha usó esta hoja para resolver el Acertijo de Esphestrus, partiendo la corona del viejo en dos, al igual que su cabeza. Problema resuelto, pues.","Bopha usou esta lâmina para solucionar o Enigma de Esfestro, partindo a coroa do velho, e cabeça dele, em duas. É, enigma solucionado.",Боффа решил этим клинком загадку Эфестрия. Разрубил пополам его корону и голову заодно. Такое вот простое решение.,"Bopha rozwiązał Zagadkę Ephrestusa, przecinając jego koronę na pół. Zrobił to, gdy Ephrestus wciąż miał ją na głowie, ale mniejsza z tym.",
patchOver_PyramidPick_Comp/Name (Identified),Pyramid Pike,Pioche des pyramides,Pyramidenspieß,Picca della Piramide,Pica de la Pirámide,Lança Piramidal,Пика из пирамиды,Pika Piramidy,
patchOver_PyramidPick_Comp/Description (Identified),"A golden, Arcane-infused pike. Y’know, Arcane weapons are like magic bug zappers. And while spiders aren’t technically bugs… well, you do the math.","Une pique dorée et imprégnée d'énergie maléfique. Les armes maléfiques sont comme des prises à insectes magiques. Les araignées ne sont pas des insectes, mais vous avez compris.",Ein goldener arkaner Spieß. Arkanwaffen und magische Fliegenklatschen sind dasselbe. Auch wenn Spinnen eigentlich keine Fliegen sind ... auch egal.,"Una lancia dorata impregnata di energia mistica. Sai, le armi arcane funzionano come i fulmina insetti. Certo, i ragni non sono tecnicamente insetti... Ma va beh, hai capito.","Un pico dorado de infusión Arcana. Ya sabes, las armas Arcanas son como insecticidas eléctricos, pero con magia. Y aunque técnicamente las arañas no son insectos, la fórmula funciona igual.","Uma lança dourada com infusão Arcana. É a tal história: armas Arcanas são como mata-insetos, só que mágicas. E apesar de as aranhas não serem bem insetos, bom... você entende onde quero chegar.","Золотая пика, полная загадочной силы. Говорят, что Загадочное оружие — это как мухобойки, только магические. Пауки, конечно, не мухи... Но против них тоже пойдет.",Złota włócznia wzmocniona mistyczną energią.,
patchOver_CrackedLongsword_Comp/Name (Identified),Cracked Longsword,Épée longue fendillée,Abgenutztes Langschwert,Spada a due mani rotta,Espada larga quebrada,Espada Longa Rachada,Поломанный длинный меч,Pęknięty Długi Miecz,
patchOver_CrackedLongsword_Comp/Description (Identified),"When choosing between this ""weapon"" and, let's say, a rabbit? Go with the rabbit. Mundane blades like this one are mildly useful against all foes.","Si vous deviez choisir entre cette « arme » et, mettons, un lapin, le lapin vous serait plus utile au combat. Les lames banales comme celle-ci sont moyennement utiles contre tous les adversaires.","Muss man sich zwischen dieser ""Waffe"" und einem Hasen entscheiden ... nimm den Hasen. Einfache Klingen können gegen alle Feinde eingesetzt werden.","Se dovessi scegliere tra questa ""arma"" e, diciamo, un coniglio? Beh, fidati di me, scegli il coniglio. Spade terrene come queste sono praticamente inutili contro ogni tipo di nemico.","¿Si tienes que elegir entre esta ""arma"" y, digamos, un conejo? Escoge el conejo. Hojas mundanas como esta apenas son útiles contra ningún enemigo.","Ao escolher entre esta ""arma"" e, digamos, um coelho, o segundo seria mais útil em combate. Lâminas Mundanas como esta são moderadamente úteis contra todos os inimigos.","Нужно выбрать, чем драться, этим «оружием» или кроликом? Берите кролика. Обычные виды оружия вроде этого одинаково (не)эффективны против всех врагов.","Jeśli zastanawiasz się, czy walczyć tą „bronią”, czy wystawić do walki królika – wybierz drugą opcję.",
patchOver_PyramidLongsword_Comp/Name (Identified),Pyramid Longsword,Épée longue des pyramides,Pyramidenlangschwert,Spada a due mani della Piramide,Espada larga de la Pirámide,Espada Longa do Piramidal,Длинный меч из пирамиды,Długi Miecz Piramidy,
patchOver_PyramidLongsword_Comp/Description (Identified),"A golden sword, alight with Arcane energy. Fun fact: the reptilian Fade and elusive Changeling shy away from Arcane energy. Probably because it kills them.",Une épée en or imprégnée de l'énergie d'une puissance maléfique. Anecdote amusante : les Blêmes reptiliens et les Changelins insaisissables fuient la magie maléfique. Sans doute parce qu'elle les tue.,Ein goldenes Schwert voller arkaner Energie. Blassen und Wechselbälger vertragen arkane Energie nicht sonderlich gut. Weil sie dadurch sterben.,"Una spada dorata che splende di energia arcana. Curiosità: i rettili Sbiadini e gli elusivi Cangianti, alla sola vista di energia arcana, scappano a gambe levate. Probabilmente perché li uccide.","Una espada dorada, iluminada por la energía Arcana. Dato curioso: los Fade reptilianos y los escurridizos Changeling huyen de la energía Arcana. Probablemente se deba a que es mortal para ellos.",Uma espada dourada iluminada com energia Arcana. Curiosidade: o Sumiço reptiliano e o esquivo Impostor têm medo de energia Arcana. Provavelmente porque ela os mata.,"Золотой меч, полный Загадочной энергии. Интересный факт: Теневиков и Оборотней Загадочная энергия отгоняет. Наверное, потому, что она для них смертельна.",Złoty miecz rozjarzony mistyczną energią.,
patchOver_SwordOfCassus_Comp/Name (Identified),Sword of Cassus,Épée de Cassius,Schwert von Cassus,Spada di Cassus,Espada de Cassus,Espada de Cassus,Меч Кассия,Miecz Cassusa,
patchOver_SwordOfCassus_Comp/Description (Identified),"Cassus the Unstoppable killed Hoardmen in droves by Piercing this blade through the gaps in their armor. He's dead now, though. There's a moral there somewhere.",Cassius l'Inarrêtable tuait les Hordeurs par centaines en glissant cette lame entre les plaques de leur armure. Il est mort maintenant. Il y a une leçon à en tirer.,"Cassus der Unaufhaltsame tötete damit ganze Scharen von Hortlern, indem er ihre Rüstungen durchbohrte. Leider ist er auch tot. Hier ist irgendwo eine Moral ...","Cassus l'Inarrestabile uccise branchi di Cumuluomi con questa spada, forando tutte le loro armature. Adesso, è morto. Sono sicuro ci sia una morale, devo solo ricordarmi dove.","Cassus el Imparable se cargó a hordas de Acaparadores, Penetrando con esta hoja entre los huecos de sus armaduras. Ahora está muerto así que, ¿cuál es la moraleja?","Cassus, o Implacável, matou Montelinos aos montes Perfurando as brechas nas armaduras deles com esta lâmina. No entanto, agora ele está morto. Encontre a moral desta história.","Кассий Непобедимый убивал Складовиков толпами, находя своим мечом прорехи в их броне. Но теперь он мертв. В этой истории точно есть какая-то мораль.",Cassus Niepowstrzymany dzierżył ten miecz każdego dnia swego długiego życia. Tylko raz zapomniał go przytroczyć.,
patchOver_ShadowbornScimitar_Comp/Name (Identified),Shadowborn Scimitar,Cimeterre d'Ombrené,Schattenmücken-Säbel,Scimitarra degli Ombrosi,Cimitarra de Sombranato,Cimitarra Umbranata,Ятаган Тенерожденного,Sejmitar Cienioidów,
patchOver_ShadowbornScimitar_Comp/Description (Identified),"Hooked? Check. Giant? Check. Covered in a bug's drool?  Check. Wait, who made this list? Slightly sticky, but otherwise a serviceable Mundane weapon.","Crochu ? OK. Géant ? OK. Couvert de base d'insecte ? OK. Mais qui a écrit cette liste ? Cette arme banale est légèrement collante, mais utilisable.",Hakenförmig? Jawohl. Riesengroß? Jawohl. Insektenschleim? Jawohl. Moment mal ... wer ist für diese Liste zuständig? Eine klebrige einfache Waffe.,"Uncinata? Sì. Gigante? Sì. Ricoperta di bava d'insetto? Sì. Ehi, ma chi ha stilato questa lista? Nonostante la sua appiccicosità, un'affidabile arma terrena.","¿Ganchuda? Correcto. ¿Enorme? Correcto. ¿Bicho? Correcto. Espera, ¿quién ha escrito esta lista? Un tanto pegajosa, pero por lo demás no está mal para una arma mundana. ","Curvada? Checado. Gigante? Checado. Coberto com baba de inseto? Checado. Espere, quem fez esta lista? É um tanto quanto grudenta, mas ainda assim é uma arma Mundana decente.","Кривой? Кривой. Огромный? Огромный. Измазан жучиной слюной?  Измазан. Так, кто составлял список? Немного липкое, но вполне действенное обычное оружие.",Wygięty? Zgadza się. Wielki? Zgadza się. Robal? Zgadza się. Chwila... Kto stworzył tę listę?,
patchOver_TheSwordOfCastleOffWhiteSkull_Comp/Name (Identified),The Sword of Off-White Skull,L'épée du crâne blanchâtre,Das Schwert des Weißlichen Schädels,Spada del teschio biancastro,La espada de la calavera blancuzca,A Espada da Caveira Albina,Меч безголового блондина,Miecz Pożółkłego Czerepu,
patchOver_TheSwordOfCastleOffWhiteSkull_Comp/Description (Identified),"Some guy in fur pants came into the Necropolis swinging this like an idiot. Perhaps he thought it bore some enchantment, but it is a Mundane weapon.","Un type en culotte de fourrure a fait irruption dans la Nécropole en l'agitant comme un idiot. Il pensait peut-être qu'elle était enchantée, mais ce n'est qu'une arme banale.",Ein Typ mit Pelzhose platzte in die Necropolis rein und fuchtelte wie´n Idiot mit dem Ding umher. Leider war es bloß eine einfache Waffe.,"Un tizio impellicciato è arrivato qui a Necropolis roteando quell'arma come un beota. Forse pensava fosse incantata, sfortunatamente per lui era una semplice arma terrena. ","Un tipo con pantalones de cuero vino agitando esta cosa como un idiota. Quizás pensó que poseía alguna clase de encantamiento, pero no. Es un arma mundana.","Um cara com calça de pelos veio para a Necrópole brandindo esta arma como um idiota. Talvez ele tenha achado que ela tinha alguma espécie de encantamento, mas é uma arma Mundana.","С этой штукой в Некрополь прибежал какой-то дурачок в меховых штанах. Наверное, он думал, что на оружии было какое-то заклятие, а оно было самым обычным.",Pierwszym właścicielem tego miecza był ostrzyżony na pazia gość w futrzanych majtach. Wymachiwał nim jak skończony idiota.,
patchOver_GrineHoardmanGreatsword_Comp/Name (Identified),Grine Bastard Sword,Épée du bâtard des Bacilleux,Höllenlaus-Bastardschwert,Granspada bastarda dei Grine,Espada bastarda de Grine,Espada Montante de Grinas,Зараженный Грымзями полуторный меч,Lustrzakowy Miecz Dwuręczny,
patchOver_GrineHoardmanGreatsword_Comp/Description (Identified),"The Grine infection is spreading rapidly. That said, weapons like this can be of use to adventurers, so long as they don't try to use them against the Grine.","L'infection de Bacilleux se propage rapidement. Ceci dit, ce genre d'armes peut servir aux aventuriers, tant qu'on n'essaie pas de les utiliser contre les Bacilleux.","Die Höllenläuse breiten sich furchtbar schnell aus. Trotzdem sind Waffen wie diese ziemlich nützlich, solange man sie nicht gegen Höllenläuse einsetzt.","L'infezione dei Grine si sta diffondendo velocemente. Detto ciò, armi come questa possono essere davvero utili per gli avventurieri, fino a quando non le utilizzano contro i Grine.","La infección Grine se extiende rápidamente. Dicho esto, armas como esta pueden ser de utilidad para los aventureros, siempre que no intenten utilizarlas contra los Grine.","A infecção das Grinas está se alastrando rapidamente. Dito isso, armas como esta podem ser úteis para aventureiros, desde que eles não tentem usá-las contra as Grinas.","Инфекция Грымзей быстро распространяется. Такое оружие может быть полезно для искателей приключений, если не пытаться сражаться им против Грымзей.",Miecz dwuręczny dotknięty Lustrzaną Zarazą. Obrzydliwość.,
patchOver_TheGreatswordOfOpulence_Comp/Name (Identified),The Greatsword of Opulence,La claymore de l'opulence,Großschwert des Überflusses,Granspada dell'opulenza,Espada magna de la opulencia,A Montante da Opulência,Роскошный двуручный меч,Miecz Dwuręczny Obfitości,
patchOver_TheGreatswordOfOpulence_Comp/Description (Identified),"This thing is amazing. No, seriously, every time you swing it, it rains diamonds. Diamonds!","Ce truc est incroyable. Sérieusement, quand vous la maniez, il pleut des diamants. Des diamants !","Dieses Ding ist einfach unglaublich. Nein, wirklich! Bei jedem Schwung regnet es Diamanten. Diamanten!","Questa cosa è fantastica. No, veramente, ogni volta che la ruoti fa piovere diamanti. Diamanti!","Esta cosa es maravillosa. En serio, cada vez que la esgrimes, hace que lluevan diamantes. ¡Diamantes!","Incrível. É sério, toda vez que você a brande, chove diamantes. Diamantes!","Потрясающая штука. При каждом взмахе из него сыпятся алмазы. Алмазы, понимаете?!","Machnij nim, a posypią się diamenty.",
patchOver_PyramidGreatscythe_Comp/Name (Identified),Pyramid Greatscythe,Grande faux des pyramides,Pyramiden-Großsichel,Granfalce della Piramide,Guadaña magna de la Pirámide,Grande Foice Piramidal,Двуручный клинок из пирамиды,Dwuręczna Kosa Piramidy,
patchOver_PyramidGreatscythe_Comp/Description (Identified),"Clearly not for farming... well, not food, anyway. A Mundane implement capable of dealing terrible damage.",Elle n'est clairement pas destinée aux travaux de la ferme. Cet outil banal inflige des dégâts terribles.,"Nicht unbedingt zum Ernten von ... Essen. Eine gewöhnliche Waffe, die einen fürchterlichen Schaden anrichten kann.",Chiaramente non serve a falciare... i campi. Uno strumento terreno capace di causare ingenti quantità di danno.,"Claramente, no es para segar... al menos no para cultivos. Una herramienta mundana capaz de causar terribles daños.","Evidentemente não utilizada para ceifar... alimentos, pelo menos. Um instrumento Mundano capaz de causar danos terríveis.","Явно не для того, чтобы траву косить. Вот кого-нибудь покосить — вполне. Обычное оружие, наносящее огромный урон.",Z pewnością nie służy do koszenia... zboża.,
patchOver_StaffOfUnpronouncable_Comp/Name (Identified),Staff of the Unpronounceable Glyph,Bâton du glyphe imprononçable,Stab der unaussprechliche Glyphe,Bastone dal glifo ineffabile,Bastón del Glifo Impronunciable,Cajado do Glifo Impronunciável,Посох непроизносимого иероглифа,Kostur Niewymawialności,
patchOver_StaffOfUnpronouncable_Comp/Description (Identified),The Mundane staff that stands between light and darkness—between excitement and boredom—between your hand and the... um... ground.,"Le bâton qui se dresse entre la lumière et l'obscurité, entre l'excitation et l'ennui et entre votre main et... euh... le sol.","Der einfache Stab, der zwischen Licht und Dunkelheit, Aufregung und Langeweile und deiner Hand und dem ... ähm ... Boden steht.","Il bastone che si frappone tra la luce e l'oscurità, l'entusiasmo e la noia, la tua mano e il... uhm... terreno.",El bastón mundano que se encuentra entre la luz y la oscuridad; entre la emoción y el aburrimiento; entre tu mano y... eh... el suelo.,"O cajado Mundano que está entre a luz e as trevas, entre emoção e o tédio, entre a sua mão e o... hum... chão.","Обычный посох, но в то же время связующее звено между светом и тьмой, между весельем и скукой, между твоей рукой и землей.","Miejsce tego kostura jest między światłem a ciemnością, między nudą a podnieceniem, między twoją ręką i podłożem.",
patchOver_PyramidShield_Comp/Name (Identified),Pyramid Shield,Bouclier des pyramides,Pyramidenschild,Scudo della Piramide,Escudo de la Pirámide,Escudo Piramidal,Большой щит из пирамиды,Tarcza Piramidy,
patchOver_PyramidShield_Comp/Description (Identified),"Adorned with the Brazen Head's glorious visage. Enemies will be less likely to stagger or knock you down, out of respect.",Il est orné du visage sacré de l'Impudent. Les ennemis le respectent et auront moins tendance à vous abasourdir ou à vous assommer.,"Das Antlitz des Dreisten Dreiecks schmückt diesen Gegenstand. Man schwankt weniger und fällt nicht so oft um ... aus Respekt, natürlich.","Abbellito con il glorioso viso dello Sfrontato. I nemici saranno meno inclini a farti barcollare o buttarti a terra, ti rispetteranno un po' di più.","Adornado con el glorioso rostro de la Cabeza Descarada, infunde tanto respeto que es menos probable que los enemigos te tumben o te dejen pasmado.",Adornado com o glorioso semblante do Cabeça Brônzea. Os inimigos ficarão menos suscetíveis a fazer você cambalear ou cair para trás por questão de respeito.,Украшен изображением Медноголового. Враги уважают вас и реже пытаются пошатнуть или сбить с ног.,"WIĘKSZY trójkąt ze złocistego metalu, służący do odpierania ataków.",
patchOver_WallShield_Comp/Name (Identified),Pyramid Wall Shield,Grand bouclier des pyramides,Pyramidenmauer,Granscudo della Piramide,Escudo protector de pirámide,Escudo Muralha Piramidal,Огромный щит из пирамиды,Wielka Tarcza Piramidy,
patchOver_WallShield_Comp/Description (Identified),"The Hollowmen use these shields. Truth be told, though, they're actually made out of Hollowmen. Truly, the magic foundry makes shields of us all.","Les Hommes-creux utilisent ces boucliers. À dire vrai, ils sont faits à partir d'Hommes-creux. Sérieusement, la fonderie magique fait des boucliers de nous tous.","Schilder der Leermänner. Um ehrlich zu sein, bestehen sie aus Leermännerteilen. Die magische Gießerei verwandelt uns wahrlich alle in Schilder.","Gli Uomini Vuoti usano questi scudi. A dir la verità, è anche composto di Uomini Vuoti. Ma non essere triste, la forgia magica non fa distinzioni, potresti essere tu il prossimo.","Los Insustanciales usan estos escudos. Aunque, a decir verdad, están hechos a partir de Insustanciales. En serio, la fundición mágica puede elaborar escudos con cualquiera de nosotros.","Os Homens Ocos usam estes escudos. Verdade seja dita, eles são feitos de Homens Ocos. Na verdade, a forja mágica faz escudos de todos nós.","Пустовики используют такие щиты. Хотя, по правде говоря, они сделаны из самих Пустовиков. Но в этом жестоком мире каждый из нас не щит ли для подобных нам?","Z takich tarcz korzystają Wydrążeni, mimo że są one zrobione z ciał ich pobratymców... Co z kolei oznacza, że nie są niezawodne.",
patchOver_MagicCrossbow_Comp/Name (Identified),Serl's Crossbow,Arbalète de Serl,Serls Armbrust,Balestra di Serl,Ballesta de Serl,Besta de Serl,Арбалет Сирла,Kusza Serla,
patchOver_MagicCrossbow_Comp/Description (Identified),"When words fail, crossbow bolts make useful punctuation. One of the attacks on this weapon is faster and stronger, but requires more stamina to deploy.","Quand les mots ne suffisent plus, les carreaux d'arbalète servent de ponctuation. L'une des attaques de cette arme est plus puissante est plus rapide, mais nécessite plus d'énergie.","Manchmal sagen Bolzen mehr als tausend Worte. Einer der Angriffe dieser Waffe ist schneller und stärker, benötigt aber mehr Ausdauer.","Se mancano le parole, i dardi di questa balestra sono un'ottima punteggiatura. Uno degli attacchi di quest'arma è più veloce e forte, purtroppo richiede un maggiore utilizzo di energia.","Cuando las palabras fallan, los disparos de ballesta ponen los puntos sobre las íes. Esta arma puede desencadenar un potente ataque, a cambio de un mayor consumo de tu capacidad de aguante.","Quando palavras não bastam, setas de besta servem como ponto final. Um dos ataques desta arma é mais rápido e mais forte, mas requer mais vigor para se usar.","Арбалет — если слова не доходят! Есть особенно быстрая и сильная атака, но на нее расходуется энергия.","Gdy słowa zawodzą, z pomocą przychodzą bełty do kuszy.",
patchOver_FireMagicCrossbow_Comp/Name (Identified),Crossbow of Azul,Arbalète d'Azul,Armbrust von Azul,Balestra di Azul,Ballesta de Azul,Besta de Azul,Арбалет Азула,Kusza Azula,
patchOver_FireMagicCrossbow_Comp/Description (Identified),"An artisanal magic crossbow, handcrafted for Azul the demon by Sandakar the weaponsmith. Delivers Fire damage to your enemies with precision and style.","Une arbalète magique artisanale, fabriquée pour le démon Azul par Sandakar l'armurier. Inflige des dégâts de feu aux ennemis, avec classe et précision.","Eine magische Armbrust, hergestellt von Sandakar dem Waffenschmied für Azul den Dämonen. Schleudert Feuer mit Präzision und Stil auf alle Feinde.",Una balestra magica costruita a mano da Sandakar il fabbro per Azul il demone. Infuoca i tuoi nemici con stile e precisione.,"Una ballesta artesanal mágica, hecha a mano por el forjador Sandakar para el demonio Azul. Dispara daño de Fuego a tus enemigos con estilo y precisión.","Besta mágica artesanal feita pelas mãos de Sandakar, o ferreiro, para Azul, o Demônio. Causa dano de Fogo aos seus inimigos com precisão e estilo.","Волшебный арбалет, сработанный вручную оружейником Сандакаром для демона Азула. Точное и стильное оружие, наносящее огненный урон.",Mistyczne bełty skoncentrowanego gniewu bywają bardzo przydatne podczas trudnych sporów.,
patchOver_ArcaneMagicCrossbow_Comp/Name (Identified),Quills of Paran,Plumes de Paran,Stacheln von Paran,Piume di Paran,Púas de Param,Penas do Paran,Перо Парана,Kolce Parana,
patchOver_ArcaneMagicCrossbow_Comp/Description (Identified),"A delivery system for Arcane bolts, used to perforate foes from afar. Also used to lightly decorate the Hollowmen, who couldn’t care less about arcane energy.","Un système de lancement de carreaux maléfiques, utilisés pour transpercer les ennemis de loin. Cela sert aussi à décorer les Hommes-creux, qui n'en ont rien à faire de l'énergie maléfique.","Ein Gerät für Arkanbolzen, mit denen Feinde durchlöchert werden. Wird auch verwendet, um Leermänner zu kitzeln, da arkane Energie ihnen nichts ausmacht.","Un sistema di consegna per dardi arcani, utilizzato per perforare nemici da molto lontano. Anche utilizzato per decorare un po' gli Ombrosi, i quali non potrebbero temere meno l'energia arcana.","Un sistema de distribución de virotes Arcanos, para perforar a tus enemigos desde la distancia. También utilizado para decorar ligeramente a los Insustanciales, a quienes no podría darles más igual la energía Arcana.","Um sistema de lançamento de setas Arcanas, usadas para perfurar inimigos de longe. Usado também para decorar sutilmente os Homens Ocos, que não ligam nem um pouco para energia arcana.","Система дистанционной доставки стрел с загадочной энергией в тела врагов. Еще ими можно потыкать в Пустовиков, которым загадочная энергия вообще не наносит урона.",Niech mnie... Ta magiczna kusza tworzy bełty na żądanie. Niewiele się już widuje takich cudeniek.,
patchOver_PoisonMagicCrossbow_Comp/Name (Identified),Adder's Spit,Bave d'Adder,Natterspucker,Sputo di vipera,Esputo de Adder,Cuspe de Adder,Плевок гадюки,Jad Żmii,
patchOver_PoisonMagicCrossbow_Comp/Description (Identified),"If only you had a crossbow that could fire Acid quills across great distances! Oh, wait, you do! Now the Scrounge will never escape!","Si seulement vous aviez une arbalète capable de tirer des carreaux acides sur de longues distances ! Oh, mais vous en avez une ! Les Profitards ne vous échapperont pas !","Gäne es doch nur eine Armbrust, um Säurebolzen auf große Distanz abzufeuern! Aha, gibt es! Jetzt werden die Höllenläuse niemals entkommen!","Se solo avessi una balestra in grado di lanciare aculei avvelenati da grandi distanze! Ah, un attimo, la possiedi! Adesso lo Scroccone non ha via di scampo!","Ojalá tuvieras una ballesta que lanzara púas de Ácido a gran distancia. Oh, espera, ¡si la tienes! ¡Ahora los Garroneros no escaparán jamás!","Se ao menos você tivesse uma besta que disparasse setas Ácidas a grandes distâncias! Espere aí, você tem! Agora os Saqueadores não vão escapar!","Арбалет, который далеко стреляет кислотными стрелами. Что еще человеку нужно. Хорошо-то как. Теперь ни один Дармоед от вас не уйдет!",Miło byłoby mieć kuszę strzelającą zatrutymi kolcami na wielkie odległości.,
patchOver_IceMagicCrossbow_Comp/Name (Identified),Teeth of Iosis,Dents d'Iosis,Zahn von Iosis,Denti di Iosis,Dientes de Iosis,Dentes de Iosis,Зубы Иосиды,Zęby Iosisa,
patchOver_IceMagicCrossbow_Comp/Description (Identified),"You wouldn't think that splinters of Ice could serve as effective projectiles, but they do. Just ask the Nagual, who seize up and die when frozen!","Qui aurait cru que des éclats de glace soient des projectils si efficaces ? Parlez-en aux Naguals, qui font des crises et meurent quand ils gèlent !","Wer hätte gedacht, dass Eissplitter sich so gut als Projektile eignen würden? Frag doch mal die Nagual, die beim Einfrieren sterben!","Non sembra ma quei frammenti di ghiaccio possono essere utilizzati come veri e propri proiettili. Basta chiedere ai Nagual, che sono rimasti congelati e morti in seguito!","Nadie te habías imaginado que los témpanos de hielo fuesen unos proyectiles tan eficaces, pero lo son. Solo tienes que preguntar a los Nagual, que se agarrotan y se mueren cuando los congelas.","Talvez você não ache que espetos de Gelo sirvam como projéteis eficazes, mas servem. É só perguntar aos Naguais, que ficam parados e morrem quando congelados!","Кто бы мог подумать, что осколки льда могут быть такими эффективными снарядами! Уж точно не Нагуали, которые от них скукоживаются и умирают.","Kto by pomyślał, że sople tak dobrze sprawdzają się w roli pocisków.",
patchOver_PariahBlade_Comp/Icon (Identified),im-icon-weapon-lightsword,im-icon-weapon-lightsword,im-icon-weapon-lightsword,im-icon-weapon-lightsword,im-icon-weapon-lightsword,im-icon-weapon-lightsword,im-icon-weapon-lightsword,im-icon-weapon-lightsword,
patchOver_GrinePariahBlade_Comp/Icon (Identified),im-icon-weapon-lightsword,im-icon-weapon-lightsword,im-icon-weapon-lightsword,im-icon-weapon-lightsword,im-icon-weapon-lightsword,im-icon-weapon-lightsword,im-icon-weapon-lightsword,im-icon-weapon-lightsword,
patchOver_PyramidShortsword_Comp/Icon (Identified),im-icon-weapon-lightsword,im-icon-weapon-lightsword,im-icon-weapon-lightsword,im-icon-weapon-lightsword,im-icon-weapon-lightsword,im-icon-weapon-lightsword,im-icon-weapon-lightsword,im-icon-weapon-lightsword,
patchOver_BaseHookedBlade_Comp/Icon (Identified),im-icon-weapon-lightsword,im-icon-weapon-lightsword,im-icon-weapon-lightsword,im-icon-weapon-lightsword,im-icon-weapon-lightsword,im-icon-weapon-lightsword,im-icon-weapon-lightsword,im-icon-weapon-lightsword,
patchOver_BophasCutter_Comp/Icon (Identified),im-icon-weapon-lightsword,im-icon-weapon-lightsword,im-icon-weapon-lightsword,im-icon-weapon-lightsword,im-icon-weapon-lightsword,im-icon-weapon-lightsword,im-icon-weapon-lightsword,im-icon-weapon-lightsword,
patchOver_PyramidPick_Comp/Icon (Identified),im-icon-weapon-hammer,im-icon-weapon-hammer,im-icon-weapon-hammer,im-icon-weapon-hammer,im-icon-weapon-hammer,im-icon-weapon-hammer,im-icon-weapon-hammer,im-icon-weapon-hammer,
patchOver_BaseLongsword_Comp/Name (Identified),Old Longsword,Épée longue ancienne,Altes Langschwert,Spada a due mani antica,Espada larga antigua,Espada Longa Antiga,Старый полуторный меч,Stary Długi Miecz,
patchOver_BaseLongsword_Comp/Description (Identified),"A hefty and slightly-rusted blade, with a weak handle and a dull edge. Mundane name, Mundane blade... it has no special attributes.","Une lourde lame légèrement rouillée, avec un manche fragile et une lame émoussée. Nom banal, lame banale... Absolument rien de spécial.","Eine mächtige und leicht verrostete stumpfe Klinge mit schwachem Griff. Einfacher Name, einfache Klinge ... keine besonderen Eigenschaften.","Una spada pesante e leggermente arrugginita, difficile da maneggiare e dalla lama smussata. Nome terreno, lama terrena... sì, non è un granché.","Una hoja pesada y ligeramente oxidada. El mango es frágil y el filo está romo. Nombre mundano, hoja mundana… sin atributos especiales.","Lâmina pesada e um pouco enferrujada com um cabo fraco e fio cego. Nome Mundano, lâmina Mundana... não tem atributos especiais.","Тяжелый и слегка заржавевший. Слабая рукоять и тупое лезвие. Скучное название, обычный меч... Вообще без особых свойств.","Ciężkie, nieco pordzewiałe ostrze. Wyślizgana rękojeść i tępa głownia. Nada się... w ostateczności.",
patchOver_BaseLongsword_Comp/Icon (Identified),im-icon-weapon-mediumsword,im-icon-weapon-mediumsword,im-icon-weapon-mediumsword,im-icon-weapon-mediumsword,im-icon-weapon-mediumsword,im-icon-weapon-mediumsword,im-icon-weapon-mediumsword,im-icon-weapon-mediumsword,
patchOver_CrackedLongsword_Comp/Icon (Identified),im-icon-weapon-mediumsword,im-icon-weapon-mediumsword,im-icon-weapon-mediumsword,im-icon-weapon-mediumsword,im-icon-weapon-mediumsword,im-icon-weapon-mediumsword,im-icon-weapon-mediumsword,im-icon-weapon-mediumsword,
patchOver_PyramidLongsword_Comp/Icon (Identified),im-icon-weapon-mediumsword,im-icon-weapon-mediumsword,im-icon-weapon-mediumsword,im-icon-weapon-mediumsword,im-icon-weapon-mediumsword,im-icon-weapon-mediumsword,im-icon-weapon-mediumsword,im-icon-weapon-mediumsword,
patchOver_SwordOfCassus_Comp/Icon (Identified),im-icon-weapon-rapier,im-icon-weapon-rapier,im-icon-weapon-rapier,im-icon-weapon-rapier,im-icon-weapon-rapier,im-icon-weapon-rapier,im-icon-weapon-rapier,im-icon-weapon-rapier,
patchOver_ShadowbornScimitar_Comp/Icon (Identified),im-icon-weapon-mediumsword,im-icon-weapon-mediumsword,im-icon-weapon-mediumsword,im-icon-weapon-mediumsword,im-icon-weapon-mediumsword,im-icon-weapon-mediumsword,im-icon-weapon-mediumsword,im-icon-weapon-mediumsword,
patchOver_TheSwordOfCastleOffWhiteSkull_Comp/Icon (Identified),im-icon-weapon-mediumsword,im-icon-weapon-mediumsword,im-icon-weapon-mediumsword,im-icon-weapon-mediumsword,im-icon-weapon-mediumsword,im-icon-weapon-mediumsword,im-icon-weapon-mediumsword,im-icon-weapon-mediumsword,
patchOver_GrineHoardmanGreatsword_Comp/Icon (Identified),im-icon-weapon-heavysword,im-icon-weapon-heavysword,im-icon-weapon-heavysword,im-icon-weapon-heavysword,im-icon-weapon-heavysword,im-icon-weapon-heavysword,im-icon-weapon-mediumsword,im-icon-weapon-heavysword,
patchOver_TheGreatswordOfOpulence_Comp/Icon (Identified),im-icon-weapon-heavysword,im-icon-weapon-heavysword,im-icon-weapon-heavysword,im-icon-weapon-heavysword,im-icon-weapon-heavysword,im-icon-weapon-heavysword,im-icon-weapon-heavysword,im-icon-weapon-heavysword,
patchOver_PyramidGreatscythe_Comp/Icon (Identified),im-icon-weapon-heavysword,im-icon-weapon-heavysword,im-icon-weapon-heavysword,im-icon-weapon-heavysword,im-icon-weapon-heavysword,im-icon-weapon-heavysword,im-icon-weapon-heavysword,im-icon-weapon-heavysword,
patchOver_StaffOfUnpronouncable_Comp/Icon (Identified),im-icon-weapon-staff,im-icon-weapon-staff,im-icon-weapon-staff,im-icon-weapon-staff,im-icon-weapon-staff,im-icon-weapon-staff,im-icon-weapon-staff,im-icon-weapon-staff,
patchOver_PyramidShield_Comp/Icon (Identified),im-icon-armor-shield,im-icon-armor-shield,im-icon-armor-shield,im-icon-armor-shield,im-icon-armor-shield,im-icon-armor-shield,im-icon-armor-shield,im-icon-armor-shield,
patchOver_WallShield_Comp/Icon (Identified),im-icon-armor-shield,im-icon-armor-shield,im-icon-armor-shield,im-icon-armor-shield,im-icon-armor-shield,im-icon-armor-shield,im-icon-armor-shield,im-icon-armor-shield,
patchOver_MagicCrossbow_Comp/Icon (Identified),im-icon-weapon-crossbow,im-icon-weapon-crossbow,im-icon-weapon-crossbow,im-icon-weapon-crossbow,im-icon-weapon-crossbow,im-icon-weapon-crossbow,im-icon-weapon-crossbow,im-icon-weapon-crossbow,
patchOver_FireMagicCrossbow_Comp/Icon (Identified),im-icon-weapon-crossbow,im-icon-weapon-crossbow,im-icon-weapon-crossbow,im-icon-weapon-crossbow,im-icon-weapon-crossbow,im-icon-weapon-crossbow,im-icon-weapon-crossbow,im-icon-weapon-crossbow,
patchOver_ArcaneMagicCrossbow_Comp/Icon (Identified),im-icon-weapon-crossbow,im-icon-weapon-crossbow,im-icon-weapon-crossbow,im-icon-weapon-crossbow,im-icon-weapon-crossbow,im-icon-weapon-crossbow,im-icon-weapon-crossbow,im-icon-weapon-crossbow,
patchOver_PoisonMagicCrossbow_Comp/Icon (Identified),im-icon-weapon-crossbow,im-icon-weapon-crossbow,im-icon-weapon-crossbow,im-icon-weapon-crossbow,im-icon-weapon-crossbow,im-icon-weapon-crossbow,im-icon-weapon-crossbow,im-icon-weapon-crossbow,
patchOver_IceMagicCrossbow_Comp/Icon (Identified),im-icon-weapon-crossbow,im-icon-weapon-crossbow,im-icon-weapon-crossbow,im-icon-weapon-crossbow,im-icon-weapon-crossbow,im-icon-weapon-crossbow,im-icon-weapon-crossbow,im-icon-weapon-crossbow,
patchOver_GrineMagicCrossbow_Comp/Name (Identified),Serl's Crystalline Crossbow,Arbalète cristalline de Serl,Serls Kristallarmbrust,Balestra cristallina di Serl,Ballesta cristalina de Serl,Besta Cristalina de Serl,Хрустальный арбалет Сирла,Kryształowa Kusza Serla,
patchOver_GrineMagicCrossbow_Comp/Description (Identified),"A familiar tool in the adventurer's arsenal, infected and changed by the Grine. Point it at your enemies and pull the trigger - see for yourself what happens.",Cet outil qu'on retrouve souvent dans l'arsenal des aventuriers a été corrompu par les Bacilleux. Visez vos ennemis et appuyez sur la détente. Vous verrez bien ce qui se passe.,"Ein geläufiges Werkzeug im Arsenal des Abenteurers, das von Höllenläusen infiziert wurde. Einfach auf Feinde zielen, abdrücken und das Resultat beobachten.","Un'arma ricorrente nell'arsenale degli avventurieri, infettata e modificata dai Grine. Prendi la mira e scaglia il dardo, fammi sapere cosa succede. ","Una herramienta habitual en el arsenal de todo aventurero, solo que infectada por los Grine. Apunta a tus enemigos con ella, aprieta el gatillo, y juzga tú los resultados.","Ferramenta familiar no arsenal do aventureiro, infectada e modificada pelas Grinas. Aponte para seus inimigos e puxe o gatilho para ver o que acontece.","Привычное для всех искателей приключений оружие, зараженное и измененное Грымзями. Прицельтесь во врага нажмите на курок — вот увидите, что будет.","Broń znana wszystkim śmiałkom, odmieniona przez Lustrzaną Zarazę. Jest teraz nieco cięższa.",
patchOver_GrineMagicCrossbow_Comp/Icon (Identified),im-icon-weapon-crossbow,im-icon-weapon-crossbow,im-icon-weapon-crossbow,im-icon-weapon-crossbow,im-icon-weapon-crossbow,im-icon-weapon-crossbow,im-icon-weapon-crossbow,im-icon-weapon-crossbow,
patchOver_HoardmanHatchetNormal_Comp/Name (Identified),Hoardman Axe,Hache de Hordeur,Hortleraxt,Ascia del Cumuluomo,Hacha de Acaparador,Machado do Montelino,Топор Складовика,Topór Zbieracza,
patchOver_HoardmanHatchetNormal_Comp/Description (Identified),A Hoardman is only as good as his hoard. This Mundane axe is the primary tool for gathering a hoard and keeping it.,La puissance d'un Hordeur lui vient de sa horde. Cette hache banale sert à rassembler une horde et à assurer sa loyauté.,"Ein Hortler ist nur so gut wie sein Hort. Diese einfache Axt ist das Hauptwerkzeug, das für das Hortlern zum Einsatz kommt.",Un Cumuluomo vale solo quanto le sue scorte. Questa ascia terrena rappresenta il principale strumento per accumularle e difenderle.,"Un Acaparador solo vale el peso del botín que acapara. El desacaparador que lo desacapare, lo hará con esta hacha mundana. ",Um Montelino só é tão bom quanto seu monte. Este machado Mundano é o instrumento ideal para juntar um monte e mantê-lo.,Репутация Складовика зависит от его пожитков. А этот обычный топор — основной способ их собрать и сохранить.,"Zbieracz wart jest tyle, co jego skarb. Oto jedno z podstawowych narzędzi służących do pozyskiwania i obrony majątku.",
patchOver_HoardmanHatchetNormal_Comp/Icon (Identified),im-icon-weapon-axe,im-icon-weapon-axe,im-icon-weapon-axe,im-icon-weapon-axe,im-icon-weapon-axe,im-icon-weapon-axe,im-icon-weapon-axe,im-icon-weapon-axe,
patchOver_SandakarGreatswordNormal_Comp/Name (Identified),Sandakar Bastard Sword,Épée du bâtard Sandakar,Sandakars Bastard-Schwert,Spada bastarda di Sandakar,Espada bastarda de Sandakar,Espada Montante de Sandakar,Полуторный меч Сандакара,Półtorak Sandakara,
patchOver_SandakarGreatswordNormal_Comp/Description (Identified),Sandakar always had plans for unrivaled greatness. This Mundane weapon is a prototype for that greatness.,Sandakar avait de grands projets. Cette arme banale est un prototype de projet.,"Sandakar hatte ehrgeizige Pläne, immer der Beste zu sein. Diese einfache Waffe ist ein Prototyp für das Beste.","Sandakar aveva sempre piani di magnificenza senza pari, e questa è il prototipo della grandezza.","Sandakar siempre planeo alcanzar una grandeza sin igual. Para que te hagas una idea, esta arma mundana es un prototipo de esa grandeza.",Sandakar sempre fez planos para obter uma grandeza inigualável. Esta arma Mundana é seu protótipo de grandeza.,Сандакар всегда хотел стать самым великим в мире. Это обычное оружие — его первая попытка быть им.,Sandakar był człowiekiem o wielkich ambicjach. Zawsze marzył o niedościgłej wspaniałości. Ta broń stanowi jej prototyp.,
patchOver_SandakarGreatswordNormal_Comp/Icon (Identified),im-icon-weapon-heavysword,im-icon-weapon-heavysword,im-icon-weapon-heavysword,im-icon-weapon-heavysword,im-icon-weapon-heavysword,im-icon-weapon-heavysword,im-icon-weapon-heavysword,im-icon-weapon-heavysword,
patchOver_GhostMagicCrossbow_Comp/Name (Identified),The Harbinger,Le héraut,Der Vorbote,Il foriero,El Presagio,O Arauto,Предвестник,Widmowe Żądło,
patchOver_GhostMagicCrossbow_Comp/Description (Identified),"This device is a warning, a grim portent of Arcane ruin to come. Screamers are also grim portents, but the “Arcane ruin” thing doesn’t worry them very much.","Cette chose est un avertissement, annonçant l'arrivée de la destruction maléfique. Les cris annoncent aussi l'arrivée de cette destruction maléfique, mais trop tard.","Dieses Gerät dient als böses Omen für die bevorstehende arkane Zerstörung. Schreier sind auch böse Omen, aber die “arkane Zerstörung” ist ihnen piepegal.","Questo apparecchio è un avvertimento, un triste presagio, ricordo di rovine arcane ormai andate. Anche gli Urlatori sono un triste presagio, a prescindere dalla presenza di rovine o meno.",Este artilugio presagia el oscuro portento de una ruina Arcana que se avecina.,"Este dispositivo é um aviso, um presságio sinistro de desgraças Arcanas por vir. Ululantes também são presságios sinistros, mas o lance da ""desgraça Arcana"" não os preocupa muito.","Эта штука — вестник жутких бурь Загадочной энергии. Крикуны — тоже вестники жутких бурь, но вот Загадочная энергия им по барабану.","Trzymając tę kuszę, czujesz lodowate szczypanie. To nie żaden dziwaczny metal – to dusze wszystkich istot, które ta broń pozbawiła życia.",
patchOver_GhostMagicCrossbow_Comp/Icon (Identified),im-icon-weapon-crossbow,im-icon-weapon-crossbow,im-icon-weapon-crossbow,im-icon-weapon-crossbow,im-icon-weapon-crossbow,im-icon-weapon-crossbow,im-icon-weapon-crossbow,im-icon-weapon-crossbow,
patchOver_SporeMagicCrossbow_Comp/Name (Identified),Swamp Fang,Croc des marais,Sumpfreißer,Dente di palude,Colmillo de Marismas,Presa do Pântano,Болотный клык,Bagienny Kieł,
patchOver_SporeMagicCrossbow_Comp/Description (Identified),"A cruel weapon that spits Acid on command. Scary as it is, the Infected aren't impressed! They'd laugh off its attacks if they were still capable of laughing.","Une arme cruelle qui crache de l'acide sur demande. Elle est effrayante, mais les Contaminés n'en ont pas peur. Ils se riraient de ses attaques, s'ils pouvaient rire.","Eine grausame Waffe, die Säure spritzt. Die Infizierten haben davor jedoch keine Angst! Sie lachen der Säure ins Gesicht ... wenn sie noch lachen könnten.","Un'arma violenta capace di sputare acido a comando. Nonostante ciò, gli Infettati se la ridono. Smetteranno non appena li attaccherai, qualora fossero ancora in grado di farlo.","Una cruel arma que escupe Ácido a demanda. Por mucho miedo que de, ¡a los Infectados no les causa tanta impresión! Podrían ignorar sus ataques con una sonrisa si aún les quedasen dientes.","Uma arma cruel que cospe ácido quando você mandar. Por mais assustadora que seja, os Infectados não estão impressionados! Eles ririam de seus ataques, se ainda pudessem rir.","Жестокое оружие, плюющееся кислотой. Жуткая штука, вот только Зараженные даже такой не боятся. Они бы над ней посмеялись, если бы еще могли смеяться.","Straszliwa broń, zdolna powalić olbrzyma... głównie za sprawą smrodu, jaki roztacza.",
patchOver_SporeMagicCrossbow_Comp/Icon (Identified),im-icon-weapon-crossbow,im-icon-weapon-crossbow,im-icon-weapon-crossbow,im-icon-weapon-crossbow,im-icon-weapon-crossbow,im-icon-weapon-crossbow,im-icon-weapon-crossbow,im-icon-weapon-crossbow,
patchOver_BerelaineShortsword_Comp/Name (Identified),Blood Sickle,Faucille de sang,Blutsichel,Falce insanguinata,Guadaña Sangrienta,Foice de Sangue,Кровавый серп,Krwawa Kosa,
patchOver_BerelaineShortsword_Comp/Description (Identified),"Arcanists of Agur cannot match most in single combat, instead they rely on patience. This may not cut deep, but enough to bleed an enemy dry given time.","Les mages d'Agur ne sont pas doués au corps-à-corps et tablent plus sur la patience. Elle ne tranche pas beaucoup, mais suffisamment pour saigner un ennemi à mort avec le temps. ","Die Arkanzauberer von Agur können mit den meisten Gegnern im Mann-gegen-Mann-Kampf nicht mithalten. Sie verlassen sich stattdessen auf ihre Geduld. Dieses Schwert schneidet vielleicht nicht besonders tief, aber tief genug, damit der Gegner mit der Zeit verblutet.","Gli Arcanisti di Agur non non sono all'altezza della maggior parte degli avversari in combattimento singolo, si avvalgono invece della pazienza. Questa non provocherà tagli profondi, ma è abbastanza per dissanguare un nemico, basta attendere.","Los Arcanistas de Agur no eran muy dados a los combates cuerpo a cuerpo, se guiaban por la paciencia. Puede que esto no hiriese muy profundo, pero era suficiente para hacer que el enemigo se desangrase con el tiempo.","Os arcanistas de Agur não são muito eficientes em combate individual, por isso preferem ser pacientes. Talvez o corte não seja fundo, mas sangrará o inimigo até a morte.","Посвященным Агура приходится непросто в ближнем бою, поэтому они полагаются на терпение. Пусть порезы от него неглубокие, но их достаточно, чтобы враг со временем истек кровью.","Arkaniści z Agur kiepsko sobie radzą w siłowych starciach jeden na jeden. Ich główną cnotą jest cierpliwość. Ten miecz nie rani głęboko, ale wystarczająco, żeby po jakimś czasie spuścić z przeciwnika całą krew.",
patchOver_BerelaineShortsword_Comp/Icon (Identified),im-icon-weapon-lightsword,im-icon-weapon-lightsword,im-icon-weapon-lightsword,im-icon-weapon-lightsword,im-icon-weapon-lightsword,im-icon-weapon-lightsword,im-icon-weapon-lightsword,im-icon-weapon-lightsword,
patchOver_FrozenPyramidShortsword_Comp/Name (Identified),Frozen Pyramid Shortsword,Épée courte des pyramides gelées,Gefrorenes Pyramidenschwert,Spadino congelato della Piramide,Espada Congelada Corta de la Pirámide,Espada Curta Congelada Piramidal,Замерзший короткий меч из пирамиды,Miecz Mroźnej Piramidy,
patchOver_FrozenPyramidShortsword_Comp/Description (Identified),"A pre-Iced weapon. For best use, let thaw for 3 hours. Alternatively, quick-thaw in the chest cavity of a warm blooded enemy - an Inugami, for example.","Une arme datant d'avant le gel. Décongeler trois heures avant utilisation. Sinon, une décongélation rapide dans la poitrine d'un ennemi à sang chaud, comme un Inugami, fonctionne bien.","Eine Eis-Waffe. Sollte 3 Stunden lang aufgetaut werden, um die besten Ergebnisse zu erzielen. Die Brust eines Inugami eignet sich dafür perfekt.","Un'arma surgelata. Per un miglior utilizzo, è consigliato farla scongelare per almeno 3 ore. In alternativa, per uno scongelamento più rapido, inserirla nella cavità toracica di un nemico a sangue caldo, un Inugami per esempio.","Un arma pre-congelada. Para obtener mejores resultados, descongelar durante tres horas. Como alternativa, puede descongelarse rápidamente con la sangre caliente de la cavidad torácica de algún enemigo. En un Inugami, por ejemplo.","Arma pré-Congelada. Recomenda-se usar depois de deixar descongelar por 3 horas. Outra opção é descongelar rapidamente na cavidade torácica de um inimigo de sangue quente, tipo um Inugami.","Замороженное оружие. Перед боем рекомендуется размораживать 3 часа. Либо разморозить в грудной клетке теплокровного существа, например, Инугами.",Broń z mrożonki. Dla lepszego efektu zostaw w temperaturze pokojowej na 3 godziny przed użyciem. Ewentualnie zastosuj szybkie rozmrażanie w ciepłych wnętrznoąściach przeciwnika - na przykład Inugami.,
patchOver_FrozenPyramidShortsword_Comp/Icon (Identified),im-icon-weapon-lightsword,im-icon-weapon-lightsword,im-icon-weapon-lightsword,im-icon-weapon-lightsword,im-icon-weapon-lightsword,im-icon-weapon-lightsword,im-icon-weapon-lightsword,im-icon-weapon-lightsword,
patchOver_RavensWing_Comp/Name (Identified),Raven's Wing,Aile de corbeau,Rabenflügel,Ali di corvo,Ala del Cuervo,Asa de Corvo,Воронье перо,Skrzydo Kruka,
patchOver_RavensWing_Comp/Description (Identified),The beat of a raven's wing is enough to push even the mighty. Strike someone with this blade and send them flying.,Les coups d'Ailes de Corbeau sont si forts qu'ils repoussent les ennemis les plus puissants. Frappez quelqu'un avec et regardez le s'envoler.,"Der Schlag eines Rabenflügels reicht aus, um sogar die Mächtigsten zurückzudrängen. Triff jemanden mit dieser Klinge und schleuder ihn in die Luft.",Il battito d'ali di un corvo è abbastanza forte da spostare avversari possenti. Colpisci qualcuno con questa lama e mandali a fare... un volo.,El batido de un ala de cuervo basta para empujar hasta a los más poderosos. Golpea a alguien con esta hoja y haz que vuele por los aires.,A batida de uma Asa de Corvo é suficiente para empurrar até o mais forte. Ataque alguém com esta arma e mande-o para longe.,"Иногда одного взмаха воронова крыла достаточно, чтобы победить сильнейших. Удар такого клинка — и враг отправится в полет.","Uderzenie skrzydeł kruka odepchnie największych mocarzy. Zaatakuj tą bronią, a twój wróg odleci jak ptak.",
patchOver_RavensWing_Comp/Icon (Identified),im-icon-weapon-lightsword,im-icon-weapon-lightsword,im-icon-weapon-lightsword,im-icon-weapon-lightsword,im-icon-weapon-lightsword,im-icon-weapon-lightsword,im-icon-weapon-lightsword,,
patchOver_FrozenPyramidPick_Comp/Name (Identified),Frozen Pyramid Pike,Pique des pyramides gelées,Gefrorener Pyramidenspieß,Picca ghiacciata della Piramide,Pico de la Pirámide Congelado,Lança Piramidal Congelada,Замерзшая пика из пирамиды,Włócznia Mroźnej Piramidy,
patchOver_FrozenPyramidPick_Comp/Description (Identified),"As cold as Ice to touch. Death, it seems, feels as cold as they say. Perhaps this is why the Shadowborn prefer the warmth.",Aussi froide que la glace. On dit que la mort est froide elle aussi. Peut-être que c'est pour cela que les Ombrenés préfèrent la chaleur.,"Eiskalt. Der Tod fühlt sich in der Tat so eisig an, wie man das behauptet. Vielleicht bevorzugen Schattenmücken auch deshalb die Wärme.",Fredda come il ghiaccio da toccare. Si dice che il suo tocco sia mortale. Forse per questo gli Ombrosi prediligono il calore.,Al tacto es como el Hielo. Parece que la muerte es tan fría como cuentan. Quizás por eso los Sombranato prefieran el calor.,"Fria como Gelo ao toque. A morte, pelo que parece, é fria como dizem. Talvez seja por isso que os Umbranatos prefiram o calor.","На ощупь холодна как лед. От смерти, похоже, таки веет холодом, как и говорят в народе. Возможно, именно поэтому Тенерожденные любят тепло.","W dotyku zimna jak lód. Wygląda na to, że Śmierć jest tak zimna, jak mówią. Pewnie dlatego Cienioludy wolą ciepło.",
patchOver_FrozenPyramidPick_Comp/Icon (Identified),im-icon-weapon-hammer,im-icon-weapon-hammer,im-icon-weapon-hammer,im-icon-weapon-hammer,im-icon-weapon-hammer,im-icon-weapon-hammer,im-icon-weapon-hammer,im-icon-weapon-hammer,
patchOver_ObsidianQuickblade_Comp/Name (Identified),Obisdian Quickblade,Lame rapide en obsidienne,Obsidian-Schnellklinge,Spadino veloce di ossidiana,Hoja Veloz de Obsidiana,Lâmina Leve de Obsidiana,Обсидиановый клинок,Obsydianowe Szybkostrze,
patchOver_ObsidianQuickblade_Comp/Description (Identified),"Forged in the land of Palas, whose people are renowned for the use of slow killing poison. They are not renowned for naming things well.","Forgée dans le royaume de Palas, dont le peuple utilise des poisons entraînant des morts lentes. Ces gens ne sont pas doués pour bien nommer les choses.",Eine Waffe aus dem Land von Palas. Hier kommt das „langsam tötende Gift“ her. Gute Namen kommen hier nicht her.,"Forgiato nelle terre di Palas, le cui genti sono celebri per il veleno a morte lenta. Sono altrettanto celebri nel dare nome agli oggetti.","Forjada en las tierras de Palas, cuya gente es conocida por su afición por el veneno de acción lenta. No se les conoce por poner buenos nombres a sus artilugios.","Forjada no território de Palas, cujo povo é famoso pelo uso de venenos que matam lentamente, mas não por dar bons nomes às coisas.","Выкован в землях Паласа. Тамошние жители знамениты своими медленно действующими ядами, но не талантом подбирать предметам имена.","Wykute w krainie Palas, gdzie ludzie słyną ze swoich powolnych trucizn. Nie słyną z oryginalnego nazewnictwa.",
patchOver_ObsidianQuickblade_Comp/Icon (Identified),im-icon-weapon-axe,im-icon-weapon-axe,im-icon-weapon-axe,im-icon-weapon-axe,im-icon-weapon-axe,im-icon-weapon-axe,im-icon-weapon-axe,im-icon-weapon-axe,
patchOver_FrozenWallShield_Comp/Name (Identified),Frozen Pyramid Wall Shield,Grand bouclier des pyramides gelées,Gefrorenes Pyramidenwandschild,Granscudo ghiacciato della Piramide,Escudo de muro de pirámide helado,Escudo Muralha Piramidal Congelado,Щит с замороженной пирамидой,Pawęż Mroźnej Piramidy,
patchOver_FrozenWallShield_Comp/Description (Identified),"Abraxis adapted the Hollowmen's tools to the environment of the Blackforest so its denizens would have the comforts of home, even at their time of dying.","Abraxis adapta les outils des Hommes-creux à l'environnement de la Forêt noire afin que ses habitants bénéficient des conforts d'un foyer, même à l'heure de leur mort.","Abraxis passte die Werkzeuge der Leermänner an die Umgebung des Schwarzwaldes an, damit dessen Bewohner die gleichen Annehmlichkeiten wie zu Hause hatten, sogar wenn sie im Sterben lagen.","Abraxis adattò gli attrezzi degli Uomini Vuoti al contesto della Foresta nera, in modo che i suoi abitanti avessero le comodità di casa loro, persino nel momento della morte.","Abraxis adaptó las herramientas de los Insustanciales al entorno de Blackforest para que sus vasallos tuviesen las comodidades de casa, incluso cuando les tocase morir.","Abraxis adaptou as ferramentas dos Homens-vazio para o ambiente da Floresta Negra; assim, seus habitantes podem sentir o conforto do lar mesmo no momento da morte.","Абраксис приспособил инструменты Пустовиков к условиям Черного Леса, чтобы его обитатели могли насладиться удобствами дома даже при смерти.","Abraxis dopasował narzędzia Wydrążonych do okoliczności przyrody w Czarnym Lesie. Wszystko po to, aby jego mieszkańcy czuli się jak w domu, nawet na łożu śmierci.",
patchOver_FrozenWallShield_Comp/Icon (Identified),im-icon-armor-shield,im-icon-armor-shield,im-icon-armor-shield,im-icon-armor-shield,im-icon-armor-shield,im-icon-armor-shield,im-icon-armor-shield,im-icon-armor-shield,
patchOver_BerelaineShortsword_Comp/Description (Identified),"Arcanists of Agur cannot match most in single combat, instead they rely on patience. This may not cut deep, but enough to bleed an enemy dry given time.","Les mages d'Agur ne sont pas doués au corps-à-corps et tablent plus sur la patience. Elle ne tranche pas beaucoup, mais suffisamment pour saigner un ennemi à mort avec le temps. ","Die Arkanzauberer von Agur können mit den meisten Gegnern im Mann-gegen-Mann-Kampf nicht mithalten. Sie verlassen sich stattdessen auf ihre Geduld. Dieses Schwert schneidet vielleicht nicht besonders tief, aber tief genug, damit der Gegner mit der Zeit verblutet.","Gli Arcanisti di Agur non non sono all'altezza della maggior parte degli avversari in combattimento singolo, si avvalgono invece della pazienza. Questa non provocherà tagli profondi, ma è abbastanza per dissanguare un nemico, basta attendere.","Los Arcanistas de Agur no eran muy dados a los combates cuerpo a cuerpo, se guiaban por la paciencia. Puede que esto no hiriese muy profundo, pero era suficiente para hacer que el enemigo se desangrase con el tiempo.","Os arcanistas de Agur não são muito eficientes em combate individual, por isso preferem ser pacientes. Talvez o corte não seja fundo, mas sangrará o inimigo até a morte.","Посвященным Агура приходится непросто в ближнем бою, поэтому они полагаются на терпение. Пусть порезы от него неглубокие, но их достаточно, чтобы враг со временем истек кровью.","Arkaniści z Agur kiepsko sobie radzą w siłowych starciach jeden na jeden. Ich główną cnotą jest cierpliwość. Ten miecz nie rani głęboko, ale wystarczająco, żeby po jakimś czasie spuścić z przeciwnika całą krew.",
patchOver_ObsidianQuickblade_Comp/Description (Identified),"Forged in the land of Palas, whose people are renowned for the use of slow killing poison. They are not renowned for naming things well.","Forgée dans le royaume de Palas, dont le peuple utilise des poisons entraînant des morts lentes. Ces gens ne sont pas doués pour bien nommer les choses.",Eine Waffe aus dem Land von Palas. Hier kommt das „langsam tötende Gift“ her. Gute Namen kommen hier nicht her.,"Forgiato nelle terre di Palas, le cui genti sono celebri per il veleno a morte lenta. Sono altrettanto celebri nel dare nome agli oggetti.","Forjada en las tierras de Palas, cuya gente es conocida por su afición por el veneno de acción lenta. No se les conoce por poner buenos nombres a sus artilugios.","Forjada no território de Palas, cujo povo é famoso pelo uso de venenos que matam lentamente, mas não por dar bons nomes às coisas.","Выкован в землях Паласа. Тамошние жители знамениты своими медленно действующими ядами, но не талантом подбирать предметам имена.","Wykuty w krainie Palas, której mieszkańcy słyną ze swoich trucizn. Na pewno nie słyną z chwytliwego nazewnictwa.",
patchOver_AmbassadorGreatsword_Comp/Name (Identified),The Ambassador,The Ambassador,The Ambassador,The Ambassador,The Ambassador,The Ambassador,The Ambassador,The Ambassador,
patchOver_AmbassadorGreatsword_Comp/Description (Identified),A greatsword wielded by only the most masterful of diplomats.,A greatsword wielded by only the most masterful of diplomats.,A greatsword wielded by only the most masterful of diplomats.,A greatsword wielded by only the most masterful of diplomats.,A greatsword wielded by only the most masterful of diplomats.,A greatsword wielded by only the most masterful of diplomats.,A greatsword wielded by only the most masterful of diplomats.,A greatsword wielded by only the most masterful of diplomats.,
patchOver_AmbassadorGreatsword_Comp/Icon (Identified),Im-icon-weapon-greatsword,Im-icon-weapon-greatsword,Im-icon-weapon-greatsword,Im-icon-weapon-greatsword,Im-icon-weapon-greatsword,Im-icon-weapon-greatsword,Im-icon-weapon-greatsword,Im-icon-weapon-greatsword,
